[
  {
    "date": "2025-01-01",
    "day_of_week": "Wednesday",
    "month": "January",
    "quarter": "Q1",
    "year": 2025
  },
  {
    "date": "2025-01-02",
    "day_of_week": "Thursday",
    "month": "January",
    "quarter": "Q1",
    "year": 2025
  },
  {
    "date": "2025-01-03",
    "day_of_week": "Friday",
    "month": "January",
    "quarter": "Q1",
    "year": 2025
  },
  {
    "date": "2025-01-04",
    "day_of_week": "Saturday",
    "month": "January",
    "quarter": "Q1",
    "year": 2025
  },
  {
    "date": "2025-01-05",
    "day_of_week": "Sunday",
    "month": "January",
    "quarter": "Q1",
    "year": 2025
  },
  {
    "date": "2025-01-06",
    "day_of_week": "Monday",
    "month": "January",
    "quarter": "Q1",
    "year": 2025
  },
  {
    "date": "2025-01-07",
    "day_of_week": "Tuesday",
    "month": "January",
    "quarter": "Q1",
    "year": 2025
  },
  {
    "date": "2025-01-08",
    "day_of_week": "Wednesday",
    "month": "January",
    "quarter": "Q1",
    "year": 2025
  },
  {
    "date": "2025-01-09",
    "day_of_week": "Thursday",
    "month": "January",
    "quarter": "Q1",
    "year": 2025
  },
  {
    "date": "2025-01-10",
    "day_of_week": "Friday",
    "month": "January",
    "quarter": "Q1",
    "year": 2025
  },
  {
    "date": "2025-01-11",
    "day_of_week": "Saturday",
    "month": "January",
    "quarter": "Q1",
    "year": 2025
  },
  {
    "date": "2025-01-12",
    "day_of_week": "Sunday",
    "month": "January",
    "quarter": "Q1",
    "year": 2025
  },
  {
    "date": "2025-01-13",
    "day_of_week": "Monday",
    "month": "January",
    "quarter": "Q1",
    "year": 2025
  },
  {
    "date": "2025-01-14",
    "day_of_week": "Tuesday",
    "month": "January",
    "quarter": "Q1",
    "year": 2025
  },
  {
    "date": "2025-01-15",
    "day_of_week": "Wednesday",
    "month": "January",
    "quarter": "Q1",
    "year": 2025
  },
  {
    "date": "2025-01-16",
    "day_of_week": "Thursday",
    "month": "January",
    "quarter": "Q1",
    "year": 2025
  },
  {
    "date": "2025-01-17",
    "day_of_week": "Friday",
    "month": "January",
    "quarter": "Q1",
    "year": 2025
  },
  {
    "date": "2025-01-18",
    "day_of_week": "Saturday",
    "month": "January",
    "quarter": "Q1",
    "year": 2025
  },
  {
    "date": "2025-01-19",
    "day_of_week": "Sunday",
    "month": "January",
    "quarter": "Q1",
    "year": 2025
  },
  {
    "date": "2025-01-20",
    "day_of_week": "Monday",
    "month": "January",
    "quarter": "Q1",
    "year": 2025
  },
  {
    "date": "2025-01-21",
    "day_of_week": "Tuesday",
    "month": "January",
    "quarter": "Q1",
    "year": 2025
  },
  {
    "date": "2025-01-22",
    "day_of_week": "Wednesday",
    "month": "January",
    "quarter": "Q1",
    "year": 2025
  },
  {
    "date": "2025-01-23",
    "day_of_week": "Thursday",
    "month": "January",
    "quarter": "Q1",
    "year": 2025
  },
  {
    "date": "2025-01-24",
    "day_of_week": "Friday",
    "month": "January",
    "quarter": "Q1",
    "year": 2025
  },
  {
    "date": "2025-01-25",
    "day_of_week": "Saturday",
    "month": "January",
    "quarter": "Q1",
    "year": 2025
  },
  {
    "date": "2025-01-26",
    "day_of_week": "Sunday",
    "month": "January",
    "quarter": "Q1",
    "year": 2025
  },
  {
    "date": "2025-01-27",
    "day_of_week": "Monday",
    "month": "January",
    "quarter": "Q1",
    "year": 2025
  },
  {
    "date": "2025-01-28",
    "day_of_week": "Tuesday",
    "month": "January",
    "quarter": "Q1",
    "year": 2025
  },
  {
    "date": "2025-01-29",
    "day_of_week": "Wednesday",
    "month": "January",
    "quarter": "Q1",
    "year": 2025
  },
  {
    "date": "2025-01-30",
    "day_of_week": "Thursday",
    "month": "January",
    "quarter": "Q1",
    "year": 2025
  },
  {
    "date": "2025-01-31",
    "day_of_week": "Friday",
    "month": "January",
    "quarter": "Q1",
    "year": 2025
  }
]